<?xml version="1.0" encoding="UTF-8"?>
<project-private xmlns="http://www.netbeans.org/ns/project-private/1">
    <editor-bookmarks xmlns="http://www.netbeans.org/ns/editor-bookmarks/2" lastBookmarkId="0"/>
    <open-files xmlns="http://www.netbeans.org/ns/projectui-open-files/2">
        <group>
            <file>file:/C:/Users/Administrator/Documents/NetBeansProjects/Hamro%20Tarkari%20Bazzar/src/java/edu/kist_bit/hamrotarkaribazzar/services/UsersJpaController.java</file>
            <file>file:/C:/Users/Administrator/Documents/NetBeansProjects/Hamro%20Tarkari%20Bazzar/src/java/edu/kist_bit/hamrotarkaribazzar/filter/AuthenticationFilter.java</file>
            <file>file:/C:/Users/Administrator/Documents/NetBeansProjects/Hamro%20Tarkari%20Bazzar/web/login.jsp</file>
            <file>file:/C:/Users/Administrator/Documents/NetBeansProjects/Hamro%20Tarkari%20Bazzar/web/index.jsp</file>
        </group>
    </open-files>
</project-private>
